comparing,compared,correlation
Id,Id,1.0
GarageArea,GarageCars,0.8824754142814603
YearBuilt,GarageYrBlt,0.8256674841743434
TotRmsAbvGrd,GrLivArea,0.8254893743088377
TotalBsmtSF,1stFlrSF,0.8195299750050355
OverallQual,SalePrice,0.7909816005838047
SalePrice,GrLivArea,0.7086244776126511
2ndFlrSF,GrLivArea,0.6875010641666008
TotRmsAbvGrd,BedroomAbvGr,0.6766199357426479
BsmtFullBath,BsmtFinSF1,0.6492117535742737
YearRemodAdd,GarageYrBlt,0.6422767797035414
GarageCars,SalePrice,0.640409197258349
GrLivArea,FullBath,0.6300116462511144
SalePrice,GarageArea,0.6234314389183598
2ndFlrSF,TotRmsAbvGrd,0.6164226354915353
SalePrice,TotalBsmtSF,0.6135805515591944
HalfBath,2ndFlrSF,0.6097073002717444
SalePrice,1stFlrSF,0.6058521846919166
OverallQual,GarageCars,0.6006707165907189
OverallQual,GrLivArea,0.5930074300286511
YearBuilt,YearRemodAdd,0.5928549763436497
GarageYrBlt,GarageCars,0.5889200070047019
OverallQual,YearBuilt,0.572322768962362
1stFlrSF,GrLivArea,0.5660239689357487
GarageYrBlt,GarageArea,0.5645670607230588
GarageArea,OverallQual,0.5620217566126064
SalePrice,FullBath,0.5606637627484452
TotRmsAbvGrd,FullBath,0.5547842535334817
OverallQual,YearRemodAdd,0.550683924194174
FullBath,OverallQual,0.5505997093682552
GarageYrBlt,OverallQual,0.5477658448351637
GarageCars,YearBuilt,0.5378500917111045
OverallQual,TotalBsmtSF,0.5378084986123927
SalePrice,TotRmsAbvGrd,0.5337231555820238
SalePrice,YearBuilt,0.5228973328794967
TotalBsmtSF,BsmtFinSF1,0.5223960519923907
BedroomAbvGr,GrLivArea,0.5212695109189988
YearRemodAdd,SalePrice,0.5071009671113867
BedroomAbvGr,2ndFlrSF,0.5029006133459021
1stFlrSF,GarageArea,0.4897816541041915
TotalBsmtSF,GarageArea,0.48666546377379655
GarageYrBlt,SalePrice,0.48636167748786213
FullBath,GarageYrBlt,0.4845573867195183
YearBuilt,GarageArea,0.4789538198934912
SalePrice,MasVnrArea,0.4774930470957107
1stFlrSF,OverallQual,0.4762238290781775
FullBath,GarageCars,0.4696720432676313
GrLivArea,GarageArea,0.4689974773229643
YearBuilt,FullBath,0.4682707871726734
GarageCars,GrLivArea,0.46724741879518455
SalePrice,Fireplaces,0.4669288367515242
GrLivArea,Fireplaces,0.46167913376144376
1stFlrSF,LotFrontage,0.4571810019946558
TotalBsmtSF,GrLivArea,0.4548682025479028
BsmtFinSF1,1stFlrSF,0.4458626560920095
1stFlrSF,GarageCars,0.43931680799067063
FullBath,YearRemodAdd,0.43904648387234635
GarageCars,TotalBsmtSF,0.43458483429168826
TotRmsAbvGrd,OverallQual,0.42745234327798615
LotArea,LotFrontage,0.4260950187718087
FullBath,2ndFlrSF,0.42137798287597156
YearRemodAdd,GarageCars,0.4206221549432185
HalfBath,GrLivArea,0.41577163610526024
TotalBsmtSF,BsmtUnfSF,0.41535960518158943
MasVnrArea,OverallQual,0.41187566727767955
Fireplaces,1stFlrSF,0.41053108465984434
1stFlrSF,TotRmsAbvGrd,0.40951597886682883
GarageArea,FullBath,0.4056562084540095
GrLivArea,LotFrontage,0.40279741408532066
Fireplaces,OverallQual,0.39676503795208756
LotFrontage,TotalBsmtSF,0.39207457637917215
YearBuilt,TotalBsmtSF,0.39145200206609476
GrLivArea,MasVnrArea,0.3908566397384352
BsmtFinSF1,SalePrice,0.38641980624215627
1stFlrSF,FullBath,0.38063749497350763
GarageArea,MasVnrArea,0.37306648160023304
GarageArea,YearRemodAdd,0.371599809497309
GarageCars,MasVnrArea,0.3642036400698638
TotalBsmtSF,MasVnrArea,0.3639362217744695
FullBath,BedroomAbvGr,0.3632519830232792
TotRmsAbvGrd,GarageCars,0.3622885708147703
LotFrontage,TotRmsAbvGrd,0.35209594766022567
LotFrontage,SalePrice,0.35179909657067854
LotFrontage,GarageArea,0.34499672410648324
1stFlrSF,MasVnrArea,0.3445007468899201
TotRmsAbvGrd,HalfBath,0.34341485754091505
Fireplaces,TotalBsmtSF,0.3395193238986534
TotRmsAbvGrd,GarageArea,0.33782212063683476
OpenPorchSF,GrLivArea,0.3302239617119999
Fireplaces,TotRmsAbvGrd,0.3261144801771966
WoodDeckSF,SalePrice,0.32441344456813076
FullBath,TotalBsmtSF,0.32372241360664983
TotalBsmtSF,GarageYrBlt,0.3224451736794758
2ndFlrSF,SalePrice,0.31933380283206614
1stFlrSF,BsmtUnfSF,0.3179874383527257
SalePrice,OpenPorchSF,0.31585622711605577
MasVnrArea,YearBuilt,0.31570706243619523
OverallQual,OpenPorchSF,0.30881882335945265
BsmtUnfSF,OverallQual,0.30815892690564345
MSSubClass,2ndFlrSF,0.30788572075985965
BsmtFullBath,TotalBsmtSF,0.30735055373550824
Fireplaces,GarageCars,0.30078876630134843
LotArea,1stFlrSF,0.29947457850776354
BsmtFinSF1,GarageArea,0.29697038534451464
OverallQual,2ndFlrSF,0.29549287919971035
YearRemodAdd,TotalBsmtSF,0.29106558260416654
FullBath,BsmtUnfSF,0.2888860554869107
YearRemodAdd,GrLivArea,0.28738851965033274
GarageCars,LotFrontage,0.28569092468510454
TotalBsmtSF,TotRmsAbvGrd,0.2855725637257923
HalfBath,SalePrice,0.2841076755947784
YearBuilt,1stFlrSF,0.28198585869980175
KitchenAbvGr,MSSubClass,0.281721040264881
MasVnrArea,TotRmsAbvGrd,0.28068169460850473
MasVnrArea,FullBath,0.2768328472369822
HalfBath,OverallQual,0.27345809864277076
LotArea,Fireplaces,0.2713640096245405
Fireplaces,GarageArea,0.26914123807386986
Fireplaces,LotFrontage,0.2666394825603015
MasVnrArea,BsmtFinSF1,0.2647362647138647
LotArea,SalePrice,0.2638433538714063
LotFrontage,BedroomAbvGr,0.26316991588106087
LotArea,GrLivArea,0.26311616716714836
TotalBsmtSF,LotArea,0.26083313454515794
Fireplaces,BsmtFinSF1,0.2600109202350418
FullBath,OpenPorchSF,0.25997742546825087
TotRmsAbvGrd,KitchenAbvGr,0.25604540853594737
MasVnrArea,GarageYrBlt,0.25269077499033554
LotFrontage,OverallQual,0.25164577548061245
TotRmsAbvGrd,BsmtUnfSF,0.25064706137624776
BsmtFinSF1,YearBuilt,0.24950319668479937
Fireplaces,MasVnrArea,0.24906961283714132
GrLivArea,WoodDeckSF,0.24743282051884927
TotalBsmtSF,OpenPorchSF,0.2472637462881077
1stFlrSF,BsmtFullBath,0.24467110424771435
Fireplaces,FullBath,0.24367050307991178
HalfBath,YearBuilt,0.24265591024106203
OpenPorchSF,GarageArea,0.24143467213808723
1stFlrSF,YearRemodAdd,0.24037926760355563
BsmtUnfSF,GrLivArea,0.24025726834993516
BsmtFinSF1,OverallQual,0.23966596617889305
OverallQual,WoodDeckSF,0.23892339224919107
1stFlrSF,WoodDeckSF,0.23545862278369958
OpenPorchSF,TotRmsAbvGrd,0.23419158783159674
BsmtFinSF1,LotFrontage,0.23363316701975517
1stFlrSF,GarageYrBlt,0.23344909271486305
TotalBsmtSF,WoodDeckSF,0.23201860912901978
GrLivArea,GarageYrBlt,0.23119674063336287
GarageYrBlt,OpenPorchSF,0.228424578771982
BsmtFullBath,SalePrice,0.22712223313149718
HalfBath,BedroomAbvGr,0.22665148415094155
WoodDeckSF,GarageCars,0.22634213846985612
OpenPorchSF,YearRemodAdd,0.2262976326829877
WoodDeckSF,YearBuilt,0.22488014230399725
WoodDeckSF,GarageArea,0.22466630717876454
WoodDeckSF,GarageYrBlt,0.22457699198793515
BsmtFinSF1,GarageCars,0.22405352239399126
HalfBath,GarageCars,0.2191781521671551
BsmtUnfSF,SalePrice,0.214479105546969
GarageCars,BsmtUnfSF,0.21417518975021707
BsmtFinSF1,LotArea,0.21410313070557835
GarageCars,OpenPorchSF,0.21356944558969018
1stFlrSF,OpenPorchSF,0.21167122549798492
GrLivArea,BsmtFinSF1,0.20817113014532806
OpenPorchSF,2ndFlrSF,0.2080260631813553
LotFrontage,PoolArea,0.20616677527607583
YearRemodAdd,WoodDeckSF,0.20572592049010316
BsmtFinSF1,WoodDeckSF,0.20430614523740545
HalfBath,Fireplaces,0.20364850809521526
MasVnrArea,HalfBath,0.20144394692967793
Fireplaces,WoodDeckSF,0.20001879575902295
OpenPorchSF,HalfBath,0.1997401475127926
GrLivArea,YearBuilt,0.1990097136764581
LotFrontage,FullBath,0.1987686778973781
BedroomAbvGr,KitchenAbvGr,0.19859675770713586
HalfBath,GarageYrBlt,0.19678517580586416
2ndFlrSF,Fireplaces,0.1945608922413219
LotFrontage,MasVnrArea,0.19345806055826895
YearRemodAdd,TotRmsAbvGrd,0.1917398162928071
GarageYrBlt,BsmtUnfSF,0.19070827345893301
LotArea,TotRmsAbvGrd,0.19001477762540772
OpenPorchSF,YearBuilt,0.18868584000173075
FullBath,WoodDeckSF,0.18770321383582753
YearBuilt,BsmtFullBath,0.1875985499971459
ScreenPorch,Fireplaces,0.1845302695168495
2ndFlrSF,GarageCars,0.18392558307637655
HalfBath,YearRemodAdd,0.18333061171853401
BsmtUnfSF,GarageArea,0.18330269774258381
BsmtUnfSF,YearRemodAdd,0.18113308705016823
LotArea,GarageArea,0.18040275515111656
MasVnrArea,YearRemodAdd,0.1796183707355165
GarageArea,BsmtFullBath,0.17918948042023325
MSSubClass,HalfBath,0.17735438864391526
BsmtFullBath,WoodDeckSF,0.1753151900797277
2ndFlrSF,MasVnrArea,0.17456147345742778
LotArea,WoodDeckSF,0.17169768725711357
GrLivArea,PoolArea,0.1702053360005609
Fireplaces,OpenPorchSF,0.16940532713120174
BedroomAbvGr,SalePrice,0.1682131543007415
BedroomAbvGr,BsmtUnfSF,0.16664331698696383
TotRmsAbvGrd,WoodDeckSF,0.1659838837149338
GarageArea,HalfBath,0.16354936401660505
MasVnrArea,WoodDeckSF,0.15971813436595525
BsmtFullBath,BsmtFinSF2,0.15867806078170232
BsmtFullBath,LotArea,0.1581545310600175
LotArea,GarageCars,0.15487073975354074
GarageYrBlt,BsmtFinSF1,0.153484098026779
LotFrontage,OpenPorchSF,0.15197222768060648
YearBuilt,BsmtUnfSF,0.14904039195440044
GarageYrBlt,TotRmsAbvGrd,0.14811171558596414
Fireplaces,YearBuilt,0.1477163994124546
PoolArea,BsmtFinSF1,0.14049128625495722
YearRemodAdd,2ndFlrSF,0.14002377880486408
GarageArea,2ndFlrSF,0.1383469585718656
BsmtFullBath,Fireplaces,0.13792770842720137
HalfBath,FullBath,0.13638058874914522
LowQualFinSF,GrLivArea,0.13468281300660345
FullBath,KitchenAbvGr,0.13311521419603795
BsmtUnfSF,LotFrontage,0.13264374162493386
GarageCars,BsmtFullBath,0.13188122440619826
MSSubClass,FullBath,0.13160822241028183
PoolArea,1stFlrSF,0.13152497564028195
LowQualFinSF,TotRmsAbvGrd,0.1311847759895512
OpenPorchSF,BsmtUnfSF,0.1290054146154213
YearRemodAdd,BsmtFinSF1,0.12845054712828968
BedroomAbvGr,1stFlrSF,0.12740074939236587
TotalBsmtSF,PoolArea,0.12605313210083696
FullBath,LotArea,0.1260306265196434
OpenPorchSF,MasVnrArea,0.1257027966825022
GarageYrBlt,BsmtFullBath,0.12455252442364917
YearBuilt,LotFrontage,0.12334946703331695
BedroomAbvGr,LotArea,0.11968990815131679
YearRemodAdd,BsmtFullBath,0.1194698791112425
OverallCond,BsmtHalfBath,0.117820915081395
MasVnrArea,BsmtUnfSF,0.11444206231380714
YearRemodAdd,Fireplaces,0.11258131843947493
OpenPorchSF,BsmtFinSF1,0.11176061335675173
SalePrice,ScreenPorch,0.11144657114291048
LotArea,BsmtFinSF2,0.11116974549624932
OverallQual,BsmtFullBath,0.11109778614230408
HalfBath,WoodDeckSF,0.10808030267536159
BedroomAbvGr,Fireplaces,0.10756968099132405
OverallQual,LotArea,0.10580574175496442
LowQualFinSF,BedroomAbvGr,0.10560656854090972
TotalBsmtSF,BsmtFinSF2,0.10480953760636849
MasVnrArea,LotArea,0.10415982154021164
MasVnrArea,BedroomAbvGr,0.10282115127801826
OverallQual,BedroomAbvGr,0.10167635624178653
GrLivArea,ScreenPorch,0.10151039568208489
LotFrontage,BsmtFullBath,0.10094856694926896
KitchenAbvGr,GrLivArea,0.1000631647377552
BsmtFinSF2,1stFlrSF,0.09711744845667107
TotRmsAbvGrd,YearBuilt,0.0955891282979514
PoolArea,Fireplaces,0.09507352203619714
BedroomAbvGr,OpenPorchSF,0.09380957160591488
SalePrice,PoolArea,0.09240354949187278
WoodDeckSF,2ndFlrSF,0.09216541758603838
BsmtFinSF2,ScreenPorch,0.08887125137339077
LotFrontage,YearRemodAdd,0.08886557249206857
ScreenPorch,1stFlrSF,0.0887580726201564
LotFrontage,WoodDeckSF,0.08852093328940891
BedroomAbvGr,GarageCars,0.08610643768835352
BsmtFullBath,MasVnrArea,0.08530982868972696
MSSubClass,GarageYrBlt,0.08507186950664651
OpenPorchSF,LotArea,0.08477380884021646
TotalBsmtSF,ScreenPorch,0.08448898591431103
TotRmsAbvGrd,PoolArea,0.08375734951492322
2ndFlrSF,PoolArea,0.08148687804909924
LotFrontage,2ndFlrSF,0.0801772706242048
PoolArea,LotArea,0.07767239188017415
MSSubClass,GrLivArea,0.07485317965779979
OpenPorchSF,ScreenPorch,0.0743039438502424
OverallCond,YearRemodAdd,0.07374149814528969
PoolArea,WoodDeckSF,0.073378206956454
HalfBath,ScreenPorch,0.07242584517037905
MoSold,OpenPorchSF,0.0712548847586891
BsmtHalfBath,BsmtFinSF2,0.07094813365590494
GarageYrBlt,2ndFlrSF,0.07083233971737964
OverallQual,MoSold,0.07081517178517302
BedroomAbvGr,PoolArea,0.0707025835654749
EnclosedPorch,OverallCond,0.07035618448230385
GarageYrBlt,LotFrontage,0.07024978191661561
3SsnPorch,LotFrontage,0.07002922773085192
MiscVal,OverallCond,0.06877680605724883
KitchenAbvGr,1stFlrSF,0.06810058817691354
BsmtFinSF2,WoodDeckSF,0.06789832641361276
BsmtFullBath,PoolArea,0.06761555618047593
BsmtHalfBath,BsmtFinSF1,0.0674184779101191
BsmtFullBath,OpenPorchSF,0.067341461376983
BsmtFullBath,YrSold,0.06704913767140783
GarageArea,BedroomAbvGr,0.06525252989881658
OverallQual,PoolArea,0.06516584360589141
ScreenPorch,OverallQual,0.06488636049351724
LowQualFinSF,2ndFlrSF,0.06335295010932407
KitchenAbvGr,MiscVal,0.062340724004381246
LowQualFinSF,PoolArea,0.062157372269196445
BsmtFinSF1,ScreenPorch,0.06202062266535013
EnclosedPorch,2ndFlrSF,0.061988690773251
MasVnrArea,ScreenPorch,0.06146554318732059
LowQualFinSF,EnclosedPorch,0.06108123777122828
GarageArea,PoolArea,0.0610472717020595
OpenPorchSF,PoolArea,0.06076211148992545
TotRmsAbvGrd,ScreenPorch,0.05938259955941124
2ndFlrSF,KitchenAbvGr,0.05930575264821606
OpenPorchSF,WoodDeckSF,0.05866060856588831
BsmtFinSF1,FullBath,0.058543136861595575
Id,PoolArea,0.057043904789252
3SsnPorch,1stFlrSF,0.05610437448487474
MoSold,FullBath,0.05587212899172362
ScreenPorch,OverallCond,0.05481052878611371
EnclosedPorch,PoolArea,0.0542025622921423
LotFrontage,HalfBath,0.05353185497960573
Fireplaces,BsmtUnfSF,0.051574882289541504
ScreenPorch,GarageArea,0.05141176244520807
PoolArea,ScreenPorch,0.05130739451790521
LotArea,2ndFlrSF,0.05098594829349351
GarageCars,ScreenPorch,0.0504937919271977
BedroomAbvGr,TotalBsmtSF,0.05044995551267859
GrLivArea,MoSold,0.05023968081827258
LotFrontage,BsmtFinSF2,0.04989967669098971
PoolArea,FullBath,0.04960382558403352
BsmtHalfBath,LotArea,0.048045570888297716
Fireplaces,BsmtFinSF2,0.0469207088260135
WoodDeckSF,BedroomAbvGr,0.04685377306989432
Fireplaces,GarageYrBlt,0.04682164840190579
BedroomAbvGr,MoSold,0.04654385993628257
BedroomAbvGr,BsmtHalfBath,0.04651884838995185
MSSubClass,LowQualFinSF,0.04647375589951825
MoSold,SalePrice,0.04643224522381936
Fireplaces,MoSold,0.04635710249771935
3SsnPorch,YearRemodAdd,0.04528580981497537
SalePrice,3SsnPorch,0.04458366533574792
TotRmsAbvGrd,BsmtFinSF1,0.0443156239129205
BedroomAbvGr,ScreenPorch,0.04429969112713488
OverallCond,YrSold,0.043949745692480675
ScreenPorch,LotArea,0.043160377695251814
PoolArea,BsmtFinSF2,0.041709054681333034
EnclosedPorch,BedroomAbvGr,0.041570434519598465
ScreenPorch,LotFrontage,0.04138279067500541
ScreenPorch,2ndFlrSF,0.04060644764100074
MSSubClass,YearRemodAdd,0.0405810447840647
MoSold,GarageCars,0.040521730128251617
TotRmsAbvGrd,MSSubClass,0.04038006478367577
BsmtFinSF2,OverallCond,0.04022916989976808
WoodDeckSF,BsmtHalfBath,0.04016122325953598
LowQualFinSF,LotFrontage,0.038468534328960156
MiscVal,LotArea,0.03806769201918441
Id,BedroomAbvGr,0.03771855422321125
3SsnPorch,TotalBsmtSF,0.03738372726300451
EnclosedPorch,KitchenAbvGr,0.03731238503296977
TotRmsAbvGrd,MoSold,0.036907077159844086
BsmtFinSF2,EnclosedPorch,0.03654333944820929
GarageCars,3SsnPorch,0.03576528514645337
YearRemodAdd,YrSold,0.03574324712128322
3SsnPorch,FullBath,0.03535301658385324
MoSold,2ndFlrSF,0.03516442736179051
3SsnPorch,BsmtHalfBath,0.03511363088677233
GarageArea,3SsnPorch,0.03508670020815936
BsmtUnfSF,MoSold,0.03488844300908199
GrLivArea,BsmtFullBath,0.0348360495449059
MoSold,BsmtHalfBath,0.03287270523409076
MSSubClass,OverallQual,0.032627707521842186
BsmtHalfBath,ScreenPorch,0.03212140720908456
ScreenPorch,MiscVal,0.031945760774908606
BsmtFinSF2,YrSold,0.03170563698488748
YrSold,KitchenAbvGr,0.03168720650065513
1stFlrSF,MoSold,0.031371560352079074
YearBuilt,3SsnPorch,0.03135451306436335
OverallQual,3SsnPorch,0.03037056713526411
KitchenAbvGr,BsmtUnfSF,0.030085868314000223
PoolArea,MiscVal,0.02966865085402216
3SsnPorch,MoSold,0.029473795249939806
Fireplaces,BsmtHalfBath,0.028975586646260102
2ndFlrSF,OverallCond,0.028942115965816365
BsmtUnfSF,LowQualFinSF,0.028166688132741903
GarageArea,MoSold,0.02797379982354043
YearBuilt,MSSubClass,0.027850136946706617
Id,TotRmsAbvGrd,0.027238724409455572
ScreenPorch,LowQualFinSF,0.026799413021772037
BsmtHalfBath,MasVnrArea,0.02667282815510286
MoSold,KitchenAbvGr,0.02658890723091537
3SsnPorch,BsmtFinSF1,0.026450506189898835
3SsnPorch,OverallCond,0.025503660024131836
OverallCond,LowQualFinSF,0.025494319914214247
TotRmsAbvGrd,MiscVal,0.024762884163585016
3SsnPorch,GarageYrBlt,0.023543689573667856
MoSold,ScreenPorch,0.023216991793306135
BsmtFullBath,ScreenPorch,0.023147725763573823
MSSubClass,MasVnrArea,0.022936285894197175
HalfBath,PoolArea,0.022381498055409857
WoodDeckSF,YrSold,0.022270451009255326
MoSold,YearRemodAdd,0.021490002226876855
Id,MoSold,0.021172176550393426
MoSold,WoodDeckSF,0.021011044294297343
PoolArea,GarageCars,0.020933531041465493
3SsnPorch,BsmtUnfSF,0.02076400569654775
GrLivArea,3SsnPorch,0.0206431897101862
3SsnPorch,LotArea,0.020422829586133177
PoolArea,BsmtHalfBath,0.020024629838516175
MasVnrArea,3SsnPorch,0.01879551529491412
YrSold,3SsnPorch,0.018644925404743957
MiscVal,EnclosedPorch,0.01836060013944818
LowQualFinSF,OpenPorchSF,0.0182510390539997
GarageArea,Id,0.017633778453766888
GarageCars,Id,0.016569677112146044
MiscVal,2ndFlrSF,0.01619687460438891
BsmtFinSF2,LowQualFinSF,0.014806997946834337
YrSold,BsmtFinSF1,0.014358922393912487
LotArea,HalfBath,0.014259468566431727
YearBuilt,LotArea,0.014227651757024678
LotArea,YearRemodAdd,0.013788427078154822
TotalBsmtSF,MoSold,0.013196178616778513
OverallCond,BedroomAbvGr,0.012980060094550657
OverallCond,Id,0.012608924775951698
MoSold,YearBuilt,0.012398470595442182
PoolArea,MasVnrArea,0.011723061213266746
3SsnPorch,Fireplaces,0.011257238992774685
MoSold,LotFrontage,0.011199954759134191
Id,MSSubClass,0.011156478201382672
LotFrontage,EnclosedPorch,0.01070033663888262
YrSold,ScreenPorch,0.010694106003783704
1stFlrSF,Id,0.010496040954083016
YearBuilt,2ndFlrSF,0.01030765958436373
GrLivArea,EnclosedPorch,0.009113210326003124
PoolArea,MSSubClass,0.008282707579624323
GrLivArea,Id,0.008272757661810213
MiscVal,BedroomAbvGr,0.007766971998717766
KitchenAbvGr,LowQualFinSF,0.007521744344234544
LotFrontage,YrSold,0.007449589209775585
Id,HalfBath,0.006783811284297757
PoolArea,YearRemodAdd,0.0058293720371077355
Id,2ndFlrSF,0.005589848886158616
Id,FullBath,0.005587452907357383
MoSold,GarageYrBlt,0.005337025760369664
PoolArea,YearBuilt,0.00494972761594348
MiscVal,BsmtFinSF2,0.0049397812284377755
YrSold,MiscVal,0.004906262452666667
LotArea,LowQualFinSF,0.004778969866349652
BsmtUnfSF,2ndFlrSF,0.004469092144542394
HalfBath,BsmtFinSF1,0.004262424384486897
TotRmsAbvGrd,EnclosedPorch,0.004151299023856478
MiscVal,BsmtFinSF1,0.003571473474954832
BsmtFullBath,MSSubClass,0.00349102577904494
MiscVal,LotFrontage,0.0033675565961912833
OpenPorchSF,BsmtFinSF2,0.0030925622098945888
KitchenAbvGr,Id,0.0029512363577246527
Id,EnclosedPorch,0.002889217865750098
Id,BsmtFullBath,0.002288555600833932
1stFlrSF,BsmtHalfBath,0.001955653582048776
MiscVal,Fireplaces,0.0014086054430456946
Id,ScreenPorch,0.0013302086301727792
HalfBath,MiscVal,0.0012901448492835638
MoSold,LotArea,0.0012049882225877388
YrSold,Id,0.0007117940170476534
3SsnPorch,MiscVal,0.00035396527793933553
GarageYrBlt,Id,7.239023599542003e-05
3SsnPorch,BsmtFullBath,-0.00010609153998427328
TotalBsmtSF,BsmtHalfBath,-0.00031458181983372096
Id,OpenPorchSF,-0.00047691132479109967
LowQualFinSF,FullBath,-0.0007095096206728
YrSold,GarageYrBlt,-0.001014277871289831
OverallCond,PoolArea,-0.0019849422681843475
MSSubClass,BsmtHalfBath,-0.0023325345518021793
MiscVal,GrLivArea,-0.0024156395502937167
EnclosedPorch,BsmtUnfSF,-0.0025378545897515683
LotArea,BsmtUnfSF,-0.0026183599500954335
WoodDeckSF,OverallCond,-0.00333369928938553
MoSold,OverallCond,-0.0035108385999397577
MiscVal,LowQualFinSF,-0.0037928707799966834
LowQualFinSF,3SsnPorch,-0.004295610410300117
HalfBath,3SsnPorch,-0.004972488417316253
BsmtFinSF1,Id,-0.0050240490416610575
BsmtUnfSF,WoodDeckSF,-0.005316424333062044
LotArea,OverallCond,-0.005636270274099174
BsmtHalfBath,LowQualFinSF,-0.005841504819311943
3SsnPorch,OpenPorchSF,-0.005842499340135787
MoSold,MasVnrArea,-0.0059647155091142635
BsmtFinSF2,Id,-0.005967671960281668
KitchenAbvGr,LotFrontage,-0.006068830161309095
MSSubClass,OpenPorchSF,-0.0061001212319422415
Id,MiscVal,-0.0062424048483025575
MoSold,MiscVal,-0.0064945502212819676
3SsnPorch,TotRmsAbvGrd,-0.006683241010939456
BsmtHalfBath,LotFrontage,-0.007234304524918143
MiscVal,BsmtHalfBath,-0.007366524543625966
MiscVal,MSSubClass,-0.007683291329866207
Id,BsmtUnfSF,-0.007939703357717261
PoolArea,3SsnPorch,-0.007991548872868624
FullBath,ScreenPorch,-0.008106093328111913
MasVnrArea,YrSold,-0.008201030967105458
BsmtHalfBath,EnclosedPorch,-0.008555333868578433
HalfBath,MoSold,-0.009049888212650297
MiscVal,WoodDeckSF,-0.009551228238372386
GrLivArea,BsmtFinSF2,-0.00963989155180548
EnclosedPorch,YrSold,-0.009915936955525128
HalfBath,YrSold,-0.010268668868104026
MiscVal,YearRemodAdd,-0.010286248783081717
Id,LotFrontage,-0.010600688552399245
SalePrice,BsmtFinSF2,-0.011378121450215216
EnclosedPorch,MSSubClass,-0.012036621902094572
BsmtHalfBath,YearRemodAdd,-0.01233703212779989
HalfBath,BsmtHalfBath,-0.012339900052275348
ScreenPorch,BsmtUnfSF,-0.012579273444256776
WoodDeckSF,MSSubClass,-0.012579358249219704
Id,YearBuilt,-0.012712715387846654
MoSold,MSSubClass,-0.013584643238322446
YrSold,1stFlrSF,-0.013603770504648229
YearBuilt,YrSold,-0.013617680001842058
LowQualFinSF,1stFlrSF,-0.014240672666431465
YrSold,LotArea,-0.014261407298531923
FullBath,MiscVal,-0.01428984497085004
GarageYrBlt,PoolArea,-0.014500678563704943
PoolArea,KitchenAbvGr,-0.014525116015980933
TotalBsmtSF,YrSold,-0.01496864801875107
MoSold,BsmtFinSF2,-0.015210737972006717
Id,TotalBsmtSF,-0.015414566107910999
BsmtFinSF1,MoSold,-0.015726948262154733
BsmtFinSF2,BedroomAbvGr,-0.015728113626581382
BsmtHalfBath,SalePrice,-0.016844154297359294
LotArea,KitchenAbvGr,-0.017783870504841866
BsmtFinSF2,GarageArea,-0.018226591907316646
EnclosedPorch,LotArea,-0.018339733672212276
TotalBsmtSF,MiscVal,-0.018478922431472533
MiscVal,OpenPorchSF,-0.018583738987649454
BsmtHalfBath,GrLivArea,-0.018918483170635034
YrSold,FullBath,-0.019668840691523498
Fireplaces,Id,-0.019771632442392516
BsmtHalfBath,Id,-0.02015474521553456
GarageCars,BsmtHalfBath,-0.02089105899687898
1stFlrSF,MiscVal,-0.02109571946312286
MiscVal,SalePrice,-0.02118957964030379
Fireplaces,LowQualFinSF,-0.0212721434139402
MSSubClass,YrSold,-0.021407037851093803
SalePrice,Id,-0.021916719443431112
Id,YearRemodAdd,-0.021997641857505437
LowQualFinSF,MoSold,-0.02217396057953832
BsmtFullBath,MiscVal,-0.023047024868617455
MSSubClass,BedroomAbvGr,-0.02343802846062763
OverallCond,Fireplaces,-0.02381997776166174
BsmtHalfBath,TotRmsAbvGrd,-0.023836341262220805
MiscVal,BsmtUnfSF,-0.02383664513450834
2ndFlrSF,BsmtHalfBath,-0.02385478393704534
Fireplaces,YrSold,-0.02409556498069903
2ndFlrSF,3SsnPorch,-0.0243576484220475
BedroomAbvGr,3SsnPorch,-0.02447779636611465
GarageArea,BsmtHalfBath,-0.024535579578879658
KitchenAbvGr,3SsnPorch,-0.024600358690531933
EnclosedPorch,Fireplaces,-0.024821868537068383
LotArea,GarageYrBlt,-0.02494741866564036
OpenPorchSF,BsmtHalfBath,-0.025323757889057975
MoSold,BsmtFullBath,-0.025360894315260153
WoodDeckSF,LowQualFinSF,-0.025443647988792197
LowQualFinSF,SalePrice,-0.02560613000068015
ScreenPorch,MSSubClass,-0.026030176699806493
HalfBath,LowQualFinSF,-0.02708004931716963
OverallQual,YrSold,-0.02734670832780769
GarageArea,YrSold,-0.027377940418558608
GarageArea,MiscVal,-0.02739991441262575
OverallQual,Id,-0.028364753937537245
YrSold,2ndFlrSF,-0.028699913935284663
EnclosedPorch,MoSold,-0.02888726570714225
LowQualFinSF,YrSold,-0.028920879782297997
SalePrice,YrSold,-0.028922585168730426
Id,WoodDeckSF,-0.02964319715640263
MasVnrArea,MiscVal,-0.029815393585278842
3SsnPorch,BsmtFinSF2,-0.029993397993919868
OverallQual,LowQualFinSF,-0.03042928397960494
HalfBath,BsmtFullBath,-0.030904959142533415
MiscVal,OverallQual,-0.03140621050074753
ScreenPorch,3SsnPorch,-0.03143584703909499
BsmtFinSF2,HalfBath,-0.032147837468965525
MiscVal,GarageYrBlt,-0.03241745782126128
OpenPorchSF,OverallCond,-0.03258881352158479
WoodDeckSF,3SsnPorch,-0.03277063359357437
Id,LotArea,-0.03322551858568492
LowQualFinSF,TotalBsmtSF,-0.03324538734745721
MoSold,PoolArea,-0.033736640262790836
MiscVal,YearBuilt,-0.03438313873672352
YrSold,TotRmsAbvGrd,-0.03451635430217487
PoolArea,BsmtUnfSF,-0.035092240793657865
BsmtFinSF2,TotRmsAbvGrd,-0.035226547947523404
YrSold,BedroomAbvGr,-0.03601389283371496
LowQualFinSF,GarageYrBlt,-0.03636323404233951
YrSold,GrLivArea,-0.036525819624723004
3SsnPorch,EnclosedPorch,-0.03730528278804631
MasVnrArea,KitchenAbvGr,-0.037610251819868996
BsmtHalfBath,KitchenAbvGr,-0.03794435022720132
BsmtHalfBath,YearBuilt,-0.038161805671233694
BsmtFinSF2,GarageCars,-0.038263512869251774
ScreenPorch,YearRemodAdd,-0.03874001074260982
GarageCars,YrSold,-0.03911690411283574
GarageCars,MSSubClass,-0.04010979313578374
BsmtHalfBath,OverallQual,-0.04015015766998875
BedroomAbvGr,YearRemodAdd,-0.04058092806774957
KitchenAbvGr,BsmtFinSF2,-0.040751236448406995
HalfBath,BsmtUnfSF,-0.041117530144551086
BsmtUnfSF,YrSold,-0.041258194938762024
KitchenAbvGr,BsmtFullBath,-0.041502546431483184
MiscVal,GarageCars,-0.043080128102231184
3SsnPorch,MSSubClass,-0.04382454917560825
LowQualFinSF,Id,-0.04422995808659233
MSSubClass,Fireplaces,-0.045569340274569284
OverallCond,BsmtFinSF1,-0.046230855918224914
BsmtHalfBath,YrSold,-0.04652388177402218
3SsnPorch,Id,-0.04663478886742706
LowQualFinSF,BsmtFullBath,-0.04714342189826147
TotalBsmtSF,HalfBath,-0.048803738635211875
YearBuilt,BsmtFinSF2,-0.049106831196239806
EnclosedPorch,BsmtFullBath,-0.04991064908375369
BsmtFinSF1,BsmtFinSF2,-0.05011740004715191
MasVnrArea,Id,-0.05029779517170459
ScreenPorch,YearBuilt,-0.05036443453861163
GarageCars,KitchenAbvGr,-0.05063389240221826
ScreenPorch,KitchenAbvGr,-0.051613366061480426
BsmtFullBath,TotRmsAbvGrd,-0.05327523612339759
BsmtHalfBath,FullBath,-0.05453581198363702
BsmtFullBath,OverallCond,-0.054941515432952504
TotRmsAbvGrd,OverallCond,-0.05758316611286472
OpenPorchSF,YrSold,-0.05761936014209498
BsmtFinSF2,OverallQual,-0.05911869267069023
LotFrontage,OverallCond,-0.05921345000524757
OverallCond,MSSubClass,-0.05931581708410461
PoolArea,YrSold,-0.05968893167525976
HalfBath,OverallCond,-0.06076932676159386
YearRemodAdd,LowQualFinSF,-0.0624191000783343
KitchenAbvGr,GarageArea,-0.06443304718314428
LowQualFinSF,BsmtFinSF1,-0.0645025969214698
FullBath,BsmtFullBath,-0.0645120486313163
GarageYrBlt,BedroomAbvGr,-0.06451843698438695
1stFlrSF,EnclosedPorch,-0.06529170091030902
BsmtFinSF2,MSSubClass,-0.06564857918852456
LowQualFinSF,GarageArea,-0.06760141323952353
YearRemodAdd,BsmtFinSF2,-0.06775851356598678
KitchenAbvGr,HalfBath,-0.06826254889694165
KitchenAbvGr,TotalBsmtSF,-0.06890064264201692
LowQualFinSF,MasVnrArea,-0.06907085606589486
MSSubClass,BsmtFinSF1,-0.06983574916710103
OpenPorchSF,KitchenAbvGr,-0.07009060989258631
BedroomAbvGr,YearBuilt,-0.07065121690473095
MasVnrArea,BsmtFinSF2,-0.07231884820335596
WoodDeckSF,ScreenPorch,-0.07418135123983265
GarageYrBlt,ScreenPorch,-0.07541751376190625
BsmtFinSF2,FullBath,-0.07644386196518434
BsmtHalfBath,GarageYrBlt,-0.07746361238070264
OverallCond,SalePrice,-0.0778558940486776
GrLivArea,OverallCond,-0.07968586538833754
BsmtFinSF1,KitchenAbvGr,-0.08100685077857563
EnclosedPorch,ScreenPorch,-0.08286424483260406
SalePrice,MSSubClass,-0.08428413512659523
OverallCond,KitchenAbvGr,-0.08700085543637874
GarageYrBlt,BsmtFinSF2,-0.08801081541220061
KitchenAbvGr,WoodDeckSF,-0.09013027267903431
OverallQual,OverallCond,-0.09193234263907184
EnclosedPorch,OpenPorchSF,-0.09307931750864905
LowQualFinSF,GarageCars,-0.09447952015593507
EnclosedPorch,HalfBath,-0.0953165257360886
TotalBsmtSF,EnclosedPorch,-0.0954777367064077
BsmtUnfSF,BsmtHalfBath,-0.09580428815248464
GarageArea,MSSubClass,-0.09867154319256446
BsmtFinSF2,2ndFlrSF,-0.09926031602264533
EnclosedPorch,BsmtFinSF1,-0.10230330550073302
BedroomAbvGr,BsmtFinSF1,-0.10735467682307238
EnclosedPorch,MasVnrArea,-0.11020383387243465
OverallQual,EnclosedPorch,-0.11393685859568092
FullBath,EnclosedPorch,-0.11509296346134372
HalfBath,1stFlrSF,-0.11991590879396018
EnclosedPorch,GarageArea,-0.12177671956100364
KitchenAbvGr,Fireplaces,-0.12393623529689538
KitchenAbvGr,GarageYrBlt,-0.1244114015700182
WoodDeckSF,EnclosedPorch,-0.12598888803760044
MasVnrArea,OverallCond,-0.12810119916569077
SalePrice,EnclosedPorch,-0.12857795792595636
SalePrice,KitchenAbvGr,-0.1359073708421417
BsmtUnfSF,OverallCond,-0.1368405698935219
BsmtFinSF1,2ndFlrSF,-0.13707898608005406
LotArea,MSSubClass,-0.13978108172014636
MSSubClass,BsmtUnfSF,-0.14075948083501214
1stFlrSF,OverallCond,-0.1442027840490588
YrSold,MoSold,-0.14572141267538744
BsmtFullBath,BsmtHalfBath,-0.14787096054760482
KitchenAbvGr,YearRemodAdd,-0.14959752104274765
BedroomAbvGr,BsmtFullBath,-0.15067280920796106
GarageCars,EnclosedPorch,-0.15143416002683852
GarageArea,OverallCond,-0.1515213705702289
BsmtFullBath,2ndFlrSF,-0.16949395173100076
TotalBsmtSF,OverallCond,-0.17109751462492115
TotalBsmtSF,2ndFlrSF,-0.17451195013495976
KitchenAbvGr,YearBuilt,-0.1748002456149784
LowQualFinSF,YearBuilt,-0.18378434437372668
KitchenAbvGr,OverallQual,-0.18388223454922223
GarageCars,OverallCond,-0.1857575105783602
EnclosedPorch,YearRemodAdd,-0.19391914709920693
OverallCond,FullBath,-0.19414948874930252
1stFlrSF,2ndFlrSF,-0.20264618100231988
BsmtUnfSF,BsmtFinSF2,-0.20929449241994658
TotalBsmtSF,MSSubClass,-0.23851840931512
MSSubClass,1stFlrSF,-0.2517583518783804
EnclosedPorch,GarageYrBlt,-0.29700260305572995
OverallCond,GarageYrBlt,-0.3242967325294011
YearBuilt,OverallCond,-0.37598319560698873
LotFrontage,MSSubClass,-0.3863468853449303
EnclosedPorch,YearBuilt,-0.38726778292807656
BsmtFullBath,BsmtUnfSF,-0.4229004773832192
BsmtUnfSF,BsmtFinSF1,-0.49525146925701485
